nÂ°de generation; % de viabilite individu; vitesse moy viabili ; nb individu mute ; nb gene uniques ; nb lignes uniques; KO0 prvia ; KO0 moysp ;  KO1 prvia ; KO1 moysp ; KO2 prvia ; KO2 moysp ; KO3 prvia ; KO3 moysp ;  KO4 prvia ; KO4 moysp ; KO5 prvia ; KO5 moysp ; KOTO prvia ; KOTO moysp
 0;0.5747126436781609;1.65;0.0;995;589;0.675;0.94;0.645;0.93;0.61;1.015;0.805;1.035;0.525;0.905;0.83;1.035;0.0;0.0;
1;0.7662835249042146;1.495;0.0;980;435;0.76;1.06;0.665;0.97;0.63;1.065;0.84;1.025;0.58;0.965;0.84;1.08;0.0;0.0;
2;0.78125;1.245;0.0;985;346;0.73;1.015;0.69;0.925;0.675;0.99;0.89;1.04;0.595;0.945;0.865;1.085;0.0;0.0;
3;0.8097165991902834;1.13;0.0;995;285;0.77;1.115;0.695;0.98;0.705;1.06;0.855;1.015;0.57;0.95;0.835;1.005;0.005;0.0;
4;0.796812749003984;0.85;0.0;990;241;0.785;1.07;0.755;1.0;0.73;1.015;0.875;1.055;0.66;0.98;0.885;1.04;0.005;0.0;
5;0.91324200913242;0.71;0.0;985;203;0.785;0.99;0.795;1.08;0.765;1.045;0.835;0.935;0.655;1.035;0.92;1.085;0.0;0.0;
6;0.8888888888888888;0.645;0.0;980;180;0.815;1.025;0.775;0.945;0.715;0.955;0.865;0.92;0.685;0.99;0.91;1.015;0.0;0.0;
7;0.9259259259259259;0.47;0.0;980;162;0.805;1.04;0.795;1.025;0.745;0.955;0.91;1.0;0.705;1.085;0.945;1.04;0.0;0.0;
8;0.9478672985781991;0.325;0.0;995;148;0.81;0.93;0.76;0.955;0.72;0.89;0.88;0.97;0.555;0.825;0.925;1.015;0.01;0.0;
9;0.9478672985781991;0.28;0.0;990;131;0.795;0.975;0.73;0.915;0.765;1.035;0.88;0.995;0.62;0.965;0.905;0.98;0.01;0.0;
10;0.9345794392523364;0.24;0.0;1000;124;0.78;0.925;0.725;0.84;0.745;0.955;0.865;0.94;0.635;0.94;0.905;0.975;0.0;0.0;
11;0.9900990099009901;0.29;0.0;1000;118;0.76;1.025;0.765;0.965;0.74;0.97;0.9;1.005;0.7;1.18;0.925;1.02;0.0;0.0;
12;0.966183574879227;0.275;0.0;985;112;0.795;0.975;0.775;0.975;0.775;1.005;0.875;0.955;0.665;1.01;0.93;1.0;0.015;0.0;
13;0.966183574879227;0.21;0.0;995;103;0.795;0.945;0.77;1.005;0.785;1.085;0.85;0.955;0.705;1.035;0.955;1.005;0.005;0.0;
14;0.9615384615384616;0.315;0.0;990;101;0.82;1.07;0.74;1.0;0.76;0.93;0.86;0.985;0.695;1.01;0.93;1.02;0.0;0.0;
15;0.970873786407767;0.2;0.0;995;97;0.815;0.955;0.76;0.97;0.78;1.005;0.875;0.97;0.695;0.99;0.945;1.03;0.0;0.0;
16;0.9803921568627451;0.2;0.0;1000;94;0.87;1.055;0.725;0.92;0.77;0.935;0.895;1.0;0.71;1.03;0.945;0.985;0.025;0.0;
17;0.9950248756218906;0.12;0.0;995;89;0.755;0.855;0.69;0.95;0.755;0.9;0.86;0.945;0.685;0.96;0.93;0.96;0.0;0.0;
18;0.9950248756218906;0.105;0.0;980;84;0.775;0.925;0.67;1.0;0.75;0.95;0.865;0.92;0.695;0.94;0.925;0.985;0.005;0.0;
19;0.9950248756218906;0.06;0.0;990;83;0.845;0.975;0.705;1.015;0.735;0.975;0.86;0.935;0.665;0.89;0.93;0.985;0.005;0.0;
20;0.9900990099009901;0.09;0.0;990;78;0.77;0.955;0.655;0.92;0.765;0.975;0.84;0.975;0.655;0.89;0.935;1.02;0.0;0.0;
21;0.9950248756218906;0.055;0.0;985;77;0.795;0.88;0.615;0.825;0.695;0.885;0.86;0.98;0.65;0.895;0.93;1.01;0.01;0.0;
22;1.0;0.025;0.0;980;74;0.81;0.87;0.63;0.83;0.68;0.855;0.85;0.945;0.575;0.745;0.92;0.965;0.005;0.0;
23;1.0;0.005;0.0;975;71;0.75;0.85;0.6;0.735;0.655;0.755;0.84;0.895;0.58;0.8;0.9;0.915;0.0;0.0;
24;1.0;0.005;0.0;980;71;0.81;0.89;0.565;0.8;0.655;0.88;0.84;0.9;0.685;0.95;0.9;0.915;0.0;0.0;
25;1.0;0.005;0.0;970;70;0.8;0.99;0.66;0.835;0.71;0.855;0.83;0.945;0.675;0.895;0.94;1.01;0.0;0.0;
26;1.0;0.005;0.0;995;70;0.775;0.925;0.695;0.95;0.75;0.98;0.845;1.005;0.665;1.01;0.955;0.97;0.0;0.0;
27;1.0;0.01;0.0;1000;69;0.82;0.995;0.645;0.815;0.71;0.875;0.84;0.955;0.675;0.955;0.915;0.98;0.0;0.0;
28;1.0;0.03;0.0;995;69;0.78;0.88;0.7;0.93;0.7;0.89;0.85;0.965;0.73;0.96;0.93;0.975;0.005;0.0;
29;0.9950248756218906;0.025;0.0;980;67;0.795;0.895;0.72;0.995;0.755;0.935;0.85;0.95;0.72;0.885;0.935;0.985;0.005;0.0;
30;1.0;0.045;0.0;995;65;0.765;0.895;0.66;0.855;0.7;0.83;0.88;0.97;0.64;0.785;0.955;0.98;0.0;0.0;
31;0.9950248756218906;0.075;0.0;995;64;0.825;0.965;0.69;0.875;0.7;0.865;0.88;0.935;0.67;0.9;0.955;0.985;0.0;0.0;
32;1.0;0.05;0.0;995;64;0.85;0.95;0.67;0.785;0.73;0.935;0.865;0.93;0.625;0.89;0.94;0.96;0.0;0.0;
33;0.9852216748768473;0.0;0.0;1000;62;0.825;0.87;0.74;0.865;0.76;0.915;0.865;0.9;0.755;0.98;0.95;0.955;0.0;0.0;
34;1.0;0.0;0.0;995;60;0.795;0.94;0.735;0.95;0.745;0.93;0.865;0.895;0.73;0.94;0.93;0.94;0.0;0.0;
35;1.0;0.0;0.0;985;58;0.79;0.885;0.755;0.995;0.77;0.995;0.875;0.925;0.73;0.935;0.945;0.995;0.015;0.0;
36;1.0;0.0;0.0;990;57;0.79;0.85;0.715;0.91;0.755;0.9;0.885;0.93;0.76;0.925;0.94;0.98;0.0;0.0;
37;1.0;0.0;0.0;975;55;0.85;1.015;0.685;0.885;0.73;0.935;0.855;0.895;0.785;1.04;0.91;0.955;0.0;0.0;
38;1.0;0.0;0.0;980;51;0.86;0.97;0.72;0.98;0.755;0.945;0.855;0.96;0.745;1.065;0.93;0.96;0.0;0.0;
39;1.0;0.0;0.0;975;50;0.845;0.96;0.73;0.995;0.75;0.945;0.9;0.99;0.8;1.085;0.93;0.99;0.005;0.0;
40;1.0;0.0;0.0;980;50;0.85;1.09;0.705;1.025;0.775;1.0;0.89;1.06;0.76;1.08;0.915;0.955;0.0;0.0;
41;1.0;0.0;0.0;970;49;0.81;0.925;0.68;0.92;0.755;0.925;0.89;1.025;0.76;0.995;0.94;0.965;0.015;0.0;
42;1.0;0.0;0.0;980;47;0.835;0.955;0.65;0.925;0.74;0.975;0.87;0.96;0.725;0.935;0.935;0.965;0.0;0.0;
43;1.0;0.0;0.0;985;47;0.885;0.975;0.66;0.915;0.69;0.845;0.93;1.03;0.725;0.875;0.955;0.995;0.0;0.0;
44;1.0;0.0;0.0;990;47;0.87;0.955;0.68;0.985;0.75;0.915;0.93;0.975;0.775;0.98;0.945;0.99;0.0;0.0;
45;1.0;0.0;0.0;980;45;0.845;0.94;0.665;1.0;0.73;0.87;0.93;1.005;0.77;1.005;0.935;0.945;0.01;0.0;
46;1.0;0.0;0.0;990;43;0.845;0.95;0.66;1.025;0.7;0.89;0.925;0.965;0.775;1.035;0.935;0.945;0.0;0.0;
47;1.0;0.0;0.0;965;43;0.905;0.965;0.715;1.085;0.76;0.99;0.945;0.98;0.795;1.15;0.95;0.96;0.005;0.0;
48;1.0;0.0;0.0;980;40;0.87;1.08;0.695;1.12;0.765;1.015;0.925;0.99;0.78;1.03;0.925;0.945;0.005;0.0;
49;1.0;0.0;0.0;975;40;0.835;0.915;0.68;0.95;0.755;0.935;0.96;1.02;0.82;1.03;0.96;0.985;0.0;0.0;
50;1.0;0.0;0.0;985;40;0.91;1.015;0.61;0.875;0.74;0.875;0.91;1.005;0.825;1.035;0.945;1.0;0.005;0.0;
51;1.0;0.0;0.0;965;40;0.85;1.025;0.63;0.995;0.77;0.97;0.915;1.0;0.81;1.05;0.92;0.955;0.005;0.0;
52;1.0;0.0;0.0;955;39;0.79;0.92;0.58;0.905;0.715;0.84;0.89;1.06;0.76;0.99;0.92;0.965;0.005;0.0;
53;1.0;0.0;0.0;980;38;0.835;0.97;0.635;1.1;0.725;0.855;0.9;1.085;0.74;1.03;0.975;1.01;0.01;0.0;
54;1.0;0.0;0.0;975;37;0.805;0.92;0.525;0.975;0.68;0.865;0.89;1.04;0.78;1.005;0.96;1.015;0.0;0.0;
55;1.0;0.0;0.0;975;36;0.86;0.94;0.505;0.945;0.645;0.825;0.895;0.98;0.735;0.965;0.95;0.995;0.01;0.0;
56;1.0;0.0;0.0;930;36;0.835;0.915;0.51;0.94;0.655;0.805;0.925;1.03;0.745;1.04;0.965;0.98;0.0;0.0;
57;1.0;0.0;0.0;950;36;0.795;0.895;0.49;0.94;0.655;0.825;0.93;1.025;0.71;0.995;0.985;0.995;0.005;0.0;
58;1.0;0.0;0.0;950;36;0.83;0.98;0.5;0.96;0.65;0.8;0.92;1.01;0.725;1.035;0.975;0.99;0.0;0.0;
59;1.0;0.0;0.0;945;35;0.755;0.885;0.5;0.895;0.625;0.85;0.92;0.985;0.815;1.17;0.945;0.965;0.0;0.0;
60;1.0;0.0;0.0;945;34;0.83;0.94;0.495;0.9;0.62;0.86;0.9;0.985;0.745;1.025;0.95;0.99;0.0;0.0;
61;1.0;0.0;0.0;965;33;0.77;0.87;0.515;0.875;0.6;0.735;0.945;1.025;0.74;1.01;0.975;0.995;0.0;0.0;
62;1.0;0.0;0.0;940;33;0.8;0.945;0.5;0.905;0.655;0.885;0.95;1.025;0.745;1.135;0.965;0.98;0.0;0.0;
63;1.0;0.0;0.0;900;33;0.81;0.935;0.49;0.83;0.665;0.935;0.97;1.04;0.7;1.075;0.965;0.98;0.0;0.0;
64;1.0;0.0;0.0;930;33;0.855;1.02;0.565;1.065;0.675;0.955;0.93;1.005;0.755;1.085;0.95;0.995;0.0;0.0;
65;1.0;0.0;0.0;925;33;0.795;0.94;0.545;0.99;0.62;0.865;0.965;1.035;0.705;1.035;0.96;0.965;0.0;0.0;
66;1.0;0.0;0.0;925;33;0.815;0.99;0.58;1.19;0.68;1.02;0.945;1.035;0.705;1.185;0.97;1.0;0.005;0.0;
67;1.0;0.0;0.0;895;33;0.825;0.965;0.62;1.225;0.68;0.975;0.96;1.055;0.745;1.14;0.98;1.045;0.005;0.0;
68;1.0;0.0;0.0;920;33;0.86;0.995;0.56;1.015;0.655;0.895;0.935;1.005;0.73;1.105;0.955;0.985;0.0;0.0;
69;1.0;0.0;0.0;935;33;0.825;0.905;0.54;1.02;0.62;0.815;0.945;1.035;0.75;1.09;0.975;0.98;0.005;0.0;
70;1.0;0.0;0.0;910;33;0.86;0.91;0.635;1.31;0.685;1.005;0.93;1.105;0.76;1.28;0.95;0.955;0.02;0.0;
71;1.0;0.0;0.0;890;33;0.825;0.935;0.555;0.97;0.705;0.93;0.955;1.03;0.715;1.035;0.98;0.995;0.0;0.0;
72;1.0;0.0;0.0;890;32;0.8;0.96;0.565;1.085;0.675;0.84;0.95;1.095;0.71;1.065;0.98;0.985;0.0;0.0;
73;1.0;0.0;0.0;875;32;0.805;0.97;0.505;0.95;0.61;0.785;0.935;1.015;0.725;1.05;0.975;0.985;0.005;0.0;
74;1.0;0.0;0.0;905;32;0.735;0.83;0.52;0.99;0.64;0.76;0.935;1.02;0.7;1.03;0.97;0.99;0.015;0.0;
75;1.0;0.0;0.0;915;32;0.81;0.92;0.49;0.89;0.67;0.795;0.945;1.07;0.72;1.1;0.955;0.955;0.005;0.0;
76;1.0;0.0;0.0;875;32;0.755;0.87;0.525;0.965;0.675;0.94;0.95;1.005;0.7;0.98;0.98;0.99;0.02;0.0;
77;1.0;0.0;0.0;865;32;0.8;0.915;0.52;0.98;0.62;0.83;0.985;1.075;0.675;0.985;0.985;0.99;0.0;0.0;
78;1.0;0.0;0.0;870;31;0.845;0.925;0.505;0.92;0.66;0.89;0.99;1.055;0.715;1.015;0.98;0.985;0.005;0.0;
79;1.0;0.0;0.0;885;30;0.845;0.94;0.485;0.865;0.635;0.81;0.995;1.065;0.715;1.0;0.98;0.99;0.0;0.0;
80;1.0;0.0;0.0;845;29;0.85;0.93;0.5;0.855;0.63;0.86;0.99;1.065;0.695;0.93;0.965;0.975;0.005;0.0;
81;1.0;0.0;0.0;870;29;0.75;0.81;0.485;0.74;0.65;0.8;0.98;1.04;0.695;0.94;0.98;0.985;0.005;0.0;
82;1.0;0.0;0.0;865;29;0.755;0.805;0.46;0.73;0.6;0.8;0.97;1.03;0.68;0.985;0.98;0.985;0.0;0.0;
83;1.0;0.0;0.0;870;29;0.755;0.82;0.44;0.645;0.56;0.68;0.96;1.005;0.63;0.885;0.985;0.985;0.0;0.0;
84;1.0;0.0;0.0;885;29;0.745;0.78;0.445;0.595;0.585;0.655;0.955;1.015;0.66;0.86;0.975;0.98;0.0;0.0;
85;1.0;0.0;0.0;870;29;0.78;0.86;0.52;0.77;0.64;0.8;0.935;0.99;0.645;0.845;0.97;0.975;0.005;0.0;
86;1.0;0.0;0.0;900;29;0.785;0.865;0.5;0.69;0.63;0.76;0.945;0.975;0.64;0.85;0.92;0.925;0.005;0.0;
87;1.0;0.0;0.0;875;28;0.795;0.83;0.565;0.79;0.625;0.76;0.96;0.97;0.695;0.93;0.955;0.97;0.0;0.0;
88;1.0;0.0;0.0;870;28;0.77;0.835;0.57;0.785;0.6;0.72;0.965;1.03;0.735;0.985;0.95;0.96;0.005;0.0;
89;1.0;0.0;0.0;845;27;0.8;0.88;0.58;0.795;0.625;0.81;0.965;1.035;0.735;0.93;0.98;1.0;0.01;0.0;
90;1.0;0.0;0.0;910;26;0.815;0.865;0.57;0.77;0.63;0.74;0.965;1.005;0.77;0.995;0.975;1.0;0.0;0.0;
91;1.0;0.0;0.0;880;26;0.81;0.885;0.62;0.77;0.69;0.78;0.96;1.015;0.79;0.935;0.95;0.95;0.005;0.0;
92;1.0;0.0;0.0;905;26;0.875;0.975;0.665;1.01;0.785;0.995;0.97;1.01;0.83;1.035;0.955;0.965;0.005;0.0;
93;1.0;0.0;0.0;820;26;0.8;0.86;0.605;0.775;0.67;0.8;0.945;0.96;0.78;0.905;0.945;0.945;0.01;0.0;
94;1.0;0.0;0.0;835;26;0.805;0.83;0.62;0.81;0.655;0.805;0.945;0.965;0.785;0.96;0.95;0.95;0.0;0.0;
95;1.0;0.0;0.0;870;26;0.82;0.925;0.605;0.865;0.685;0.815;0.965;1.0;0.745;0.935;0.95;0.95;0.0;0.0;
96;1.0;0.0;0.0;825;26;0.86;0.955;0.635;0.87;0.74;0.88;0.955;0.995;0.79;0.995;0.91;0.915;0.005;0.0;
97;1.0;0.0;0.0;845;26;0.805;0.84;0.585;0.8;0.7;0.87;0.96;0.975;0.76;0.9;0.935;0.94;0.0;0.0;
98;1.0;0.0;0.0;825;26;0.82;0.895;0.655;0.88;0.725;0.84;0.945;1.02;0.79;0.97;0.915;0.93;0.005;0.0;
99;1.0;0.0;0.0;820;24;0.85;0.91;0.67;0.92;0.725;0.915;0.93;1.0;0.765;0.94;0.91;0.91;0.0;0.0;
100;1.0;0.0;0.0;785;24;0.805;0.92;0.67;0.95;0.71;0.88;0.945;1.035;0.765;0.94;0.935;0.935;0.0;0.0;
101;1.0;0.0;0.0;810;24;0.83;0.905;0.78;1.06;0.75;0.93;0.935;1.035;0.805;1.005;0.955;0.96;0.0;0.0;
102;1.0;0.0;0.0;835;24;0.835;0.91;0.78;0.975;0.72;0.84;0.94;1.03;0.79;0.995;0.92;0.93;0.0;0.0;
103;1.0;0.0;0.0;805;24;0.82;0.85;0.735;0.93;0.715;0.835;0.945;0.995;0.735;0.93;0.965;0.975;0.0;0.0;
104;1.0;0.0;0.0;805;24;0.82;0.865;0.715;0.935;0.74;0.925;0.92;0.98;0.77;0.945;0.95;0.975;0.0;0.0;
105;1.0;0.0;0.0;790;24;0.85;0.905;0.73;0.975;0.745;0.89;0.97;1.01;0.785;0.945;0.97;0.975;0.005;0.0;
106;1.0;0.0;0.0;785;24;0.87;0.95;0.75;0.93;0.775;0.88;0.955;1.005;0.815;0.955;0.96;0.975;0.0;0.0;
107;1.0;0.0;0.0;795;24;0.865;0.93;0.75;0.975;0.78;0.93;0.945;1.02;0.775;0.955;0.955;0.98;0.01;0.0;
108;1.0;0.0;0.0;710;24;0.815;0.87;0.695;0.85;0.75;0.855;0.965;1.01;0.745;0.875;0.925;0.925;0.0;0.0;
109;1.0;0.0;0.0;680;23;0.8;0.825;0.74;0.885;0.745;0.94;0.99;1.005;0.725;0.815;0.93;0.93;0.005;0.0;
110;1.0;0.0;0.0;700;23;0.855;0.94;0.735;0.87;0.73;0.86;0.99;1.02;0.785;0.875;0.945;0.95;0.0;0.0;
111;1.0;0.0;0.0;720;22;0.84;0.89;0.695;0.99;0.73;0.96;0.975;1.045;0.745;0.92;0.95;0.96;0.0;0.0;
112;1.0;0.0;0.0;740;21;0.845;0.94;0.735;1.07;0.755;1.04;0.98;1.01;0.785;0.945;0.95;0.955;0.005;0.0;
113;1.0;0.0;0.0;725;21;0.89;1.005;0.755;1.035;0.79;0.975;0.995;1.02;0.795;1.02;0.97;0.97;0.0;0.0;
114;1.0;0.0;0.0;705;21;0.895;0.96;0.74;0.96;0.715;0.895;0.985;1.03;0.79;1.01;0.965;0.965;0.005;0.0;
115;1.0;0.0;0.0;670;21;0.86;0.98;0.75;0.955;0.72;0.855;0.985;1.02;0.745;0.935;0.98;0.98;0.005;0.0;
116;1.0;0.0;0.0;630;21;0.875;0.93;0.765;0.94;0.735;0.865;0.99;1.005;0.755;0.9;0.96;0.965;0.01;0.0;
117;1.0;0.0;0.0;685;21;0.86;0.945;0.71;0.905;0.735;0.86;0.985;1.015;0.77;0.89;0.95;0.955;0.0;0.0;
118;1.0;0.0;0.0;710;21;0.84;0.88;0.685;0.865;0.675;0.825;0.985;1.0;0.76;0.87;0.94;0.95;0.0;0.0;
119;1.0;0.0;0.0;640;21;0.86;0.885;0.68;0.8;0.675;0.79;0.99;1.0;0.735;0.815;0.96;0.965;0.0;0.0;
120;1.0;0.0;0.0;640;21;0.805;0.83;0.66;0.745;0.67;0.805;0.98;0.985;0.71;0.79;0.91;0.92;0.0;0.0;
121;1.0;0.0;0.0;630;21;0.81;0.865;0.635;0.705;0.65;0.73;0.985;1.015;0.725;0.755;0.925;0.935;0.0;0.0;
122;1.0;0.0;0.0;675;21;0.81;0.83;0.665;0.755;0.68;0.8;0.99;1.01;0.795;0.86;0.91;0.91;0.0;0.0;
123;1.0;0.0;0.0;635;21;0.81;0.865;0.62;0.71;0.605;0.69;0.985;1.01;0.815;0.875;0.875;0.875;0.005;0.0;
124;1.0;0.0;0.0;660;21;0.87;0.915;0.615;0.73;0.645;0.745;0.985;1.02;0.805;0.85;0.905;0.91;0.01;0.0;
125;1.0;0.0;0.0;585;21;0.805;0.85;0.655;0.765;0.645;0.75;0.995;1.035;0.79;0.845;0.905;0.905;0.0;0.0;
126;1.0;0.0;0.0;605;21;0.8;0.87;0.575;0.695;0.605;0.725;0.99;1.0;0.84;0.89;0.91;0.91;0.0;0.0;
127;1.0;0.0;0.0;580;21;0.79;0.81;0.59;0.66;0.6;0.675;1.0;1.005;0.815;0.88;0.93;0.93;0.01;0.0;
128;1.0;0.0;0.0;485;20;0.755;0.76;0.525;0.595;0.505;0.565;1.0;1.01;0.83;0.87;0.915;0.915;0.0;0.0;
129;1.0;0.0;0.0;485;20;0.765;0.775;0.48;0.545;0.5;0.58;0.985;0.985;0.795;0.815;0.89;0.9;0.0;0.0;
130;1.0;0.0;0.0;460;20;0.7;0.735;0.45;0.51;0.46;0.51;0.99;1.0;0.76;0.77;0.865;0.87;0.005;0.0;
131;1.0;0.0;0.0;480;20;0.74;0.755;0.47;0.56;0.5;0.58;0.985;1.005;0.77;0.805;0.89;0.9;0.0;0.0;
132;1.0;0.0;0.0;475;20;0.755;0.78;0.45;0.5;0.485;0.555;0.99;0.995;0.815;0.82;0.87;0.875;0.005;0.0;
133;1.0;0.0;0.0;500;20;0.745;0.76;0.4;0.44;0.445;0.49;0.98;0.99;0.75;0.755;0.88;0.89;0.0;0.0;
134;1.0;0.0;0.0;430;20;0.725;0.735;0.385;0.435;0.42;0.495;0.995;1.005;0.78;0.795;0.89;0.89;0.0;0.0;
135;1.0;0.0;0.0;445;20;0.715;0.735;0.335;0.375;0.35;0.4;0.995;1.0;0.81;0.81;0.895;0.9;0.0;0.0;
136;1.0;0.0;0.0;455;20;0.67;0.68;0.405;0.44;0.42;0.455;0.99;0.99;0.81;0.81;0.905;0.915;0.0;0.0;
137;1.0;0.0;0.0;435;20;0.68;0.685;0.385;0.44;0.42;0.485;0.99;0.99;0.775;0.795;0.905;0.91;0.0;0.0;
138;1.0;0.0;0.0;460;20;0.69;0.695;0.365;0.395;0.425;0.47;0.99;0.99;0.75;0.765;0.84;0.845;0.0;0.0;
139;1.0;0.0;0.0;445;20;0.715;0.775;0.355;0.425;0.42;0.52;0.995;0.995;0.775;0.815;0.845;0.85;0.0;0.0;
140;1.0;0.0;0.0;400;19;0.755;0.765;0.365;0.445;0.405;0.5;0.995;0.995;0.8;0.825;0.85;0.855;0.0;0.0;
141;1.0;0.0;0.0;355;19;0.71;0.725;0.285;0.31;0.34;0.385;1.0;1.0;0.8;0.81;0.86;0.86;0.0;0.0;
142;1.0;0.0;0.0;325;19;0.77;0.77;0.295;0.295;0.345;0.345;0.995;0.995;0.77;0.77;0.85;0.85;0.005;0.0;
143;1.0;0.0;0.0;340;18;0.715;0.715;0.33;0.335;0.38;0.385;0.99;0.99;0.75;0.75;0.84;0.845;0.0;0.0;
144;1.0;0.0;0.0;300;18;0.75;0.77;0.375;0.4;0.38;0.4;1.0;1.0;0.735;0.735;0.83;0.83;0.0;0.0;
145;1.0;0.0;0.0;310;18;0.75;0.75;0.4;0.415;0.44;0.455;0.99;0.99;0.765;0.765;0.855;0.855;0.0;0.0;
146;1.0;0.0;0.0;280;18;0.725;0.725;0.43;0.44;0.455;0.47;0.995;0.995;0.775;0.775;0.905;0.905;0.0;0.0;
147;1.0;0.0;0.0;300;18;0.74;0.75;0.4;0.41;0.43;0.445;0.995;0.995;0.79;0.79;0.895;0.895;0.0;0.0;
148;1.0;0.0;0.0;295;18;0.755;0.76;0.355;0.365;0.395;0.405;0.995;0.995;0.79;0.79;0.9;0.9;0.0;0.0;
149;1.0;0.0;0.0;280;18;0.69;0.7;0.365;0.375;0.4;0.415;0.995;0.995;0.8;0.8;0.88;0.885;0.0;0.0;
150;1.0;0.0;0.0;255;18;0.705;0.72;0.39;0.415;0.41;0.44;0.99;0.99;0.795;0.805;0.855;0.855;0.005;0.0;
151;1.0;0.0;0.0;260;18;0.765;0.77;0.365;0.385;0.39;0.425;0.99;0.99;0.875;0.88;0.9;0.9;0.0;0.0;
152;1.0;0.0;0.0;280;18;0.81;0.83;0.395;0.415;0.41;0.44;0.995;0.995;0.875;0.885;0.915;0.915;0.0;0.0;
153;1.0;0.0;0.0;285;18;0.72;0.72;0.35;0.36;0.38;0.39;0.995;0.995;0.855;0.855;0.89;0.89;0.01;0.0;
154;1.0;0.0;0.0;290;18;0.735;0.745;0.385;0.41;0.41;0.44;0.995;0.995;0.9;0.9;0.9;0.905;0.0;0.0;
155;1.0;0.0;0.0;280;17;0.755;0.76;0.395;0.41;0.445;0.46;0.995;0.995;0.86;0.865;0.935;0.94;0.0;0.0;
156;1.0;0.0;0.0;265;17;0.755;0.765;0.43;0.45;0.47;0.495;0.99;0.99;0.89;0.895;0.955;0.96;0.005;0.0;
157;1.0;0.0;0.0;295;17;0.85;0.855;0.45;0.465;0.5;0.53;0.995;0.995;0.905;0.905;0.915;0.915;0.02;0.0;
158;1.0;0.0;0.0;305;17;0.755;0.76;0.45;0.475;0.485;0.505;1.0;1.0;0.845;0.86;0.93;0.93;0.0;0.0;
159;1.0;0.0;0.0;305;17;0.795;0.8;0.44;0.44;0.465;0.49;0.99;0.99;0.85;0.855;0.95;0.95;0.01;0.0;
160;1.0;0.0;0.0;285;17;0.775;0.795;0.475;0.495;0.5;0.505;1.0;1.005;0.865;0.88;0.94;0.94;0.005;0.0;
161;1.0;0.0;0.0;315;17;0.78;0.79;0.5;0.52;0.515;0.545;1.0;1.0;0.87;0.88;0.935;0.935;0.01;0.0;
162;1.0;0.0;0.0;285;17;0.83;0.83;0.51;0.515;0.54;0.555;1.0;1.0;0.875;0.875;0.96;0.96;0.0;0.0;
163;1.0;0.0;0.0;280;17;0.755;0.775;0.48;0.5;0.5;0.535;0.995;0.995;0.855;0.86;0.94;0.94;0.005;0.0;
164;1.0;0.0;0.0;310;17;0.815;0.825;0.51;0.55;0.52;0.58;1.0;1.0;0.93;0.935;0.975;0.975;0.005;0.0;
165;1.0;0.0;0.0;290;17;0.795;0.795;0.52;0.59;0.545;0.625;1.0;1.0;0.885;0.895;0.97;0.97;0.0;0.0;
166;1.0;0.0;0.0;290;17;0.83;0.865;0.585;0.695;0.61;0.73;1.0;1.0;0.925;0.945;0.995;0.995;0.0;0.0;
167;1.0;0.0;0.0;285;17;0.87;0.9;0.65;0.73;0.68;0.77;1.0;1.0;0.94;0.95;0.99;0.99;0.02;0.0;
168;1.0;0.0;0.0;260;17;0.855;0.865;0.585;0.61;0.63;0.68;1.0;1.0;0.93;0.93;0.99;0.99;0.0;0.0;
169;1.0;0.0;0.0;260;16;0.82;0.825;0.535;0.56;0.57;0.615;1.0;1.0;0.96;0.96;0.985;0.985;0.01;0.0;
170;1.0;0.0;0.0;285;16;0.85;0.86;0.52;0.525;0.545;0.565;1.0;1.0;0.955;0.955;0.98;0.98;0.0;0.0;
171;1.0;0.0;0.0;280;16;0.81;0.82;0.51;0.525;0.545;0.58;1.0;1.0;0.935;0.935;0.98;0.98;0.0;0.0;
172;1.0;0.0;0.0;265;16;0.81;0.81;0.445;0.445;0.47;0.48;1.0;1.0;0.94;0.94;0.98;0.98;0.0;0.0;
173;1.0;0.0;0.0;240;15;0.79;0.825;0.525;0.545;0.56;0.6;1.0;1.0;0.955;0.955;0.98;0.98;0.01;0.0;
174;1.0;0.0;0.0;225;15;0.86;0.865;0.545;0.55;0.59;0.605;1.0;1.0;0.93;0.93;0.98;0.98;0.0;0.0;
175;1.0;0.0;0.0;230;15;0.765;0.79;0.54;0.56;0.58;0.64;1.0;1.0;0.94;0.94;0.98;0.98;0.01;0.0;
176;1.0;0.0;0.0;230;15;0.85;0.86;0.565;0.585;0.6;0.655;1.0;1.0;0.96;0.96;0.985;0.985;0.0;0.0;
177;1.0;0.0;0.0;240;15;0.845;0.85;0.585;0.6;0.605;0.68;1.0;1.0;0.96;0.96;0.97;0.97;0.005;0.0;
178;1.0;0.0;0.0;235;15;0.87;0.875;0.615;0.615;0.63;0.65;1.0;1.0;0.95;0.95;0.985;0.985;0.02;0.0;
179;1.0;0.0;0.0;225;15;0.855;0.87;0.67;0.69;0.69;0.74;1.0;1.0;0.97;0.97;0.995;0.995;0.01;0.0;
180;1.0;0.0;0.0;205;14;0.865;0.865;0.675;0.68;0.71;0.745;1.0;1.0;0.955;0.955;0.995;0.995;0.0;0.0;
181;1.0;0.0;0.0;190;14;0.915;0.925;0.715;0.73;0.72;0.77;1.0;1.0;0.945;0.945;1.0;1.0;0.025;0.0;
182;1.0;0.0;0.0;165;14;0.905;0.91;0.745;0.745;0.775;0.795;1.0;1.0;0.98;0.98;1.0;1.0;0.015;0.0;
183;1.0;0.0;0.0;165;14;0.905;0.91;0.735;0.735;0.77;0.8;1.0;1.0;0.98;0.98;1.0;1.0;0.0;0.0;
184;1.0;0.0;0.0;165;13;0.92;0.925;0.74;0.74;0.755;0.77;1.0;1.0;0.97;0.97;1.0;1.0;0.0;0.0;
185;1.0;0.0;0.0;155;13;0.915;0.915;0.775;0.775;0.78;0.81;1.0;1.0;0.98;0.98;1.0;1.0;0.015;0.0;
186;1.0;0.0;0.0;125;13;0.91;0.915;0.785;0.785;0.79;0.835;1.0;1.0;0.99;0.99;1.0;1.0;0.005;0.0;
187;1.0;0.0;0.0;120;13;0.91;0.915;0.795;0.795;0.8;0.825;1.0;1.0;1.0;1.0;1.0;1.0;0.02;0.0;
188;1.0;0.0;0.0;120;13;0.905;0.91;0.775;0.775;0.78;0.805;1.0;1.0;0.99;0.99;1.0;1.0;0.0;0.0;
189;1.0;0.0;0.0;125;13;0.95;0.96;0.825;0.825;0.825;0.845;1.0;1.0;0.99;0.99;1.0;1.0;0.01;0.0;
190;1.0;0.0;0.0;115;12;0.94;0.94;0.845;0.845;0.845;0.85;1.0;1.0;0.995;0.995;1.0;1.0;0.02;0.0;
191;1.0;0.0;0.0;95;12;0.955;0.955;0.86;0.86;0.86;0.87;1.0;1.0;0.995;0.995;1.0;1.0;0.025;0.0;
192;1.0;0.0;0.0;100;12;0.945;0.945;0.885;0.885;0.89;0.895;1.0;1.0;1.0;1.0;1.0;1.0;0.04;0.0;
193;1.0;0.0;0.0;100;12;0.96;0.965;0.905;0.905;0.905;0.915;1.0;1.0;1.0;1.0;1.0;1.0;0.095;0.0;
194;1.0;0.0;0.0;90;12;0.955;0.955;0.905;0.905;0.905;0.905;1.0;1.0;1.0;1.0;1.0;1.0;0.005;0.0;
195;1.0;0.0;0.0;75;11;0.97;0.97;0.905;0.905;0.905;0.905;1.0;1.0;1.0;1.0;1.0;1.0;0.0;0.0;
196;1.0;0.0;0.0;70;11;0.965;0.965;0.915;0.915;0.915;0.915;1.0;1.0;0.995;0.995;1.0;1.0;0.035;0.0;
197;1.0;0.0;0.0;70;11;0.965;0.965;0.92;0.92;0.92;0.92;1.0;1.0;0.995;0.995;1.0;1.0;0.105;0.0;
198;1.0;0.0;0.0;65;11;0.975;0.975;0.945;0.945;0.945;0.945;1.0;1.0;1.0;1.0;1.0;1.0;0.035;0.0;
199;1.0;0.0;0.0;85;11;0.98;0.98;0.955;0.955;0.955;0.955;1.0;1.0;0.995;0.995;1.0;1.0;0.145;0.0;
200;1.0;0.0;0.0;95;11;0.955;0.955;0.925;0.925;0.925;0.925;1.0;1.0;0.995;0.995;1.0;1.0;0.01;0.0;
201;1.0;0.0;0.0;80;11;0.965;0.965;0.91;0.91;0.91;0.91;1.0;1.0;1.0;1.0;1.0;1.0;0.06;0.0;
202;1.0;0.0;0.0;85;11;0.98;0.98;0.945;0.945;0.945;0.945;1.0;1.0;0.995;0.995;1.0;1.0;0.045;0.0;
203;1.0;0.0;0.0;80;11;0.99;0.99;0.98;0.98;0.98;0.98;1.0;1.0;1.0;1.0;1.0;1.0;0.095;0.0;
204;1.0;0.0;0.0;75;11;0.995;0.995;0.98;0.98;0.98;0.98;1.0;1.0;1.0;1.0;1.0;1.0;0.09;0.0;
205;1.0;0.0;0.0;85;11;0.995;0.995;0.975;0.975;0.975;0.975;1.0;1.0;0.995;0.995;1.0;1.0;0.09;0.0;
206;1.0;0.0;0.0;70;11;0.99;0.99;0.975;0.975;0.975;0.975;1.0;1.0;0.995;0.995;1.0;1.0;0.45;0.0;
207;1.0;0.0;0.0;55;11;0.99;0.99;0.98;0.98;0.98;0.98;1.0;1.0;1.0;1.0;1.0;1.0;0.195;0.0;
208;1.0;0.0;0.0;55;11;0.985;0.985;0.985;0.985;0.985;0.985;1.0;1.0;1.0;1.0;1.0;1.0;0.045;0.0;
209;1.0;0.0;0.0;50;11;1.0;1.0;0.995;0.995;0.995;0.995;1.0;1.0;1.0;1.0;1.0;1.0;0.865;0.0;
210;1.0;0.0;0.0;65;11;0.995;0.995;0.99;0.99;0.99;0.99;1.0;1.0;1.0;1.0;1.0;1.0;0.715;0.0;
211;1.0;0.0;0.0;55;10;0.985;0.985;0.98;0.98;0.98;0.98;1.0;1.0;1.0;1.0;1.0;1.0;0.12;0.0;
212;1.0;0.0;0.0;60;10;0.98;0.98;0.975;0.975;0.975;0.975;1.0;1.0;1.0;1.0;1.0;1.0;0.1;0.0;
213;1.0;0.0;0.0;50;10;0.99;0.99;0.98;0.98;0.98;0.98;1.0;1.0;1.0;1.0;1.0;1.0;0.435;0.0;
214;1.0;0.0;0.0;40;9;1.0;1.0;1.0;1.0;1.0;1.0;1.0;1.0;1.0;1.0;1.0;1.0;1.0;0.0;
215;1.0;0.0;0.0;40;9;1.0;1.0;1.0;1.0;1.0;1.0;1.0;1.0;1.0;1.0;1.0;1.0;1.0;0.0;
216;1.0;0.0;0.0;45;9;1.0;1.0;1.0;1.0;1.0;1.0;1.0;1.0;1.0;1.0;1.0;1.0;1.0;0.0;
217;1.0;0.0;0.0;45;9;1.0;1.0;1.0;1.0;1.0;1.0;1.0;1.0;1.0;1.0;1.0;1.0;1.0;0.0;
218;1.0;0.0;0.0;45;9;1.0;1.0;1.0;1.0;1.0;1.0;1.0;1.0;1.0;1.0;1.0;1.0;1.0;0.0;
219;1.0;0.0;0.0;45;9;1.0;1.0;1.0;1.0;1.0;1.0;1.0;1.0;1.0;1.0;1.0;1.0;1.0;0.0;
220;1.0;0.0;0.0;45;9;1.0;1.0;1.0;1.0;1.0;1.0;1.0;1.0;1.0;1.0;1.0;1.0;1.0;0.0;
221;1.0;0.0;0.0;50;9;1.0;1.0;1.0;1.0;1.0;1.0;1.0;1.0;1.0;1.0;1.0;1.0;1.0;0.0;
222;1.0;0.0;0.0;45;9;1.0;1.0;1.0;1.0;1.0;1.0;1.0;1.0;1.0;1.0;1.0;1.0;1.0;0.0;
223;1.0;0.0;0.0;45;9;1.0;1.0;1.0;1.0;1.0;1.0;1.0;1.0;1.0;1.0;1.0;1.0;1.0;0.0;
224;1.0;0.0;0.0;50;9;1.0;1.0;1.0;1.0;1.0;1.0;1.0;1.0;1.0;1.0;1.0;1.0;1.0;0.0;
225;1.0;0.0;0.0;50;9;1.0;1.0;1.0;1.0;1.0;1.0;1.0;1.0;1.0;1.0;1.0;1.0;1.0;0.0;
226;1.0;0.0;0.0;45;9;1.0;1.0;1.0;1.0;1.0;1.0;1.0;1.0;1.0;1.0;1.0;1.0;1.0;0.0;
227;1.0;0.0;0.0;50;9;1.0;1.0;1.0;1.0;1.0;1.0;1.0;1.0;1.0;1.0;1.0;1.0;1.0;0.0;
228;1.0;0.0;0.0;55;9;1.0;1.0;1.0;1.0;1.0;1.0;1.0;1.0;1.0;1.0;1.0;1.0;1.0;0.0;
229;1.0;0.0;0.0;50;9;1.0;1.0;1.0;1.0;1.0;1.0;1.0;1.0;1.0;1.0;1.0;1.0;1.0;0.0;
230;1.0;0.0;0.0;45;9;1.0;1.0;1.0;1.0;1.0;1.0;1.0;1.0;1.0;1.0;1.0;1.0;1.0;0.0;
231;1.0;0.0;0.0;45;9;1.0;1.0;1.0;1.0;1.0;1.0;1.0;1.0;1.0;1.0;1.0;1.0;1.0;0.0;
232;1.0;0.0;0.0;45;9;1.0;1.0;1.0;1.0;1.0;1.0;1.0;1.0;1.0;1.0;1.0;1.0;1.0;0.0;
233;1.0;0.0;0.0;45;9;1.0;1.0;1.0;1.0;1.0;1.0;1.0;1.0;1.0;1.0;1.0;1.0;1.0;0.0;
234;1.0;0.0;0.0;50;9;1.0;1.0;1.0;1.0;1.0;1.0;1.0;1.0;1.0;1.0;1.0;1.0;1.0;0.0;
235;1.0;0.0;0.0;50;9;1.0;1.0;1.0;1.0;1.0;1.0;1.0;1.0;1.0;1.0;1.0;1.0;1.0;0.0;
236;1.0;0.0;0.0;45;9;1.0;1.0;1.0;1.0;1.0;1.0;1.0;1.0;1.0;1.0;1.0;1.0;1.0;0.0;
237;1.0;0.0;0.0;45;9;1.0;1.0;1.0;1.0;1.0;1.0;1.0;1.0;1.0;1.0;1.0;1.0;1.0;0.0;
238;1.0;0.0;0.0;50;9;1.0;1.0;1.0;1.0;1.0;1.0;1.0;1.0;1.0;1.0;1.0;1.0;1.0;0.0;
239;1.0;0.0;0.0;50;9;1.0;1.0;1.0;1.0;1.0;1.0;1.0;1.0;1.0;1.0;1.0;1.0;1.0;0.0;
240;1.0;0.0;0.0;50;9;1.0;1.0;1.0;1.0;1.0;1.0;1.0;1.0;1.0;1.0;1.0;1.0;1.0;0.0;
241;1.0;0.0;0.0;40;9;1.0;1.0;1.0;1.0;1.0;1.0;1.0;1.0;1.0;1.0;1.0;1.0;1.0;0.0;
242;1.0;0.0;0.0;30;9;1.0;1.0;1.0;1.0;1.0;1.0;1.0;1.0;1.0;1.0;1.0;1.0;1.0;0.0;
243;1.0;0.0;0.0;25;8;1.0;1.0;1.0;1.0;1.0;1.0;1.0;1.0;1.0;1.0;1.0;1.0;1.0;0.0;
244;1.0;0.0;0.0;25;8;1.0;1.0;1.0;1.0;1.0;1.0;1.0;1.0;1.0;1.0;1.0;1.0;1.0;0.0;
245;1.0;0.0;0.0;30;8;1.0;1.0;1.0;1.0;1.0;1.0;1.0;1.0;1.0;1.0;1.0;1.0;1.0;0.0;
246;1.0;0.0;0.0;25;8;1.0;1.0;1.0;1.0;1.0;1.0;1.0;1.0;1.0;1.0;1.0;1.0;1.0;0.0;
247;1.0;0.0;0.0;30;8;1.0;1.0;1.0;1.0;1.0;1.0;1.0;1.0;1.0;1.0;1.0;1.0;1.0;0.0;
248;1.0;0.0;0.0;25;8;1.0;1.0;1.0;1.0;1.0;1.0;1.0;1.0;1.0;1.0;1.0;1.0;1.0;0.0;
249;1.0;0.0;0.0;25;8;1.0;1.0;1.0;1.0;1.0;1.0;1.0;1.0;1.0;1.0;1.0;1.0;1.0;0.0;
250;1.0;0.0;0.0;25;8;1.0;1.0;1.0;1.0;1.0;1.0;1.0;1.0;1.0;1.0;1.0;1.0;1.0;0.0;
251;1.0;0.0;0.0;30;8;1.0;1.0;1.0;1.0;1.0;1.0;1.0;1.0;1.0;1.0;1.0;1.0;1.0;0.0;
252;1.0;0.0;0.0;25;8;1.0;1.0;1.0;1.0;1.0;1.0;1.0;1.0;1.0;1.0;1.0;1.0;1.0;0.0;
253;1.0;0.0;0.0;25;8;1.0;1.0;1.0;1.0;1.0;1.0;1.0;1.0;1.0;1.0;1.0;1.0;1.0;0.0;
254;1.0;0.0;0.0;25;8;1.0;1.0;1.0;1.0;1.0;1.0;1.0;1.0;1.0;1.0;1.0;1.0;1.0;0.0;
255;1.0;0.0;0.0;25;8;1.0;1.0;1.0;1.0;1.0;1.0;1.0;1.0;1.0;1.0;1.0;1.0;1.0;0.0;
256;1.0;0.0;0.0;25;8;1.0;1.0;1.0;1.0;1.0;1.0;1.0;1.0;1.0;1.0;1.0;1.0;1.0;0.0;
257;1.0;0.0;0.0;20;7;1.0;1.0;1.0;1.0;1.0;1.0;1.0;1.0;1.0;1.0;1.0;1.0;1.0;0.0;
258;1.0;0.0;0.0;20;7;1.0;1.0;1.0;1.0;1.0;1.0;1.0;1.0;1.0;1.0;1.0;1.0;1.0;0.0;
259;1.0;0.0;0.0;20;7;1.0;1.0;1.0;1.0;1.0;1.0;1.0;1.0;1.0;1.0;1.0;1.0;1.0;0.0;
260;1.0;0.0;0.0;20;7;1.0;1.0;1.0;1.0;1.0;1.0;1.0;1.0;1.0;1.0;1.0;1.0;1.0;0.0;
261;1.0;0.0;0.0;20;7;1.0;1.0;1.0;1.0;1.0;1.0;1.0;1.0;1.0;1.0;1.0;1.0;1.0;0.0;
262;1.0;0.0;0.0;20;7;1.0;1.0;1.0;1.0;1.0;1.0;1.0;1.0;1.0;1.0;1.0;1.0;1.0;0.0;
263;1.0;0.0;0.0;20;7;1.0;1.0;1.0;1.0;1.0;1.0;1.0;1.0;1.0;1.0;1.0;1.0;1.0;0.0;
264;1.0;0.0;0.0;20;7;1.0;1.0;1.0;1.0;1.0;1.0;1.0;1.0;1.0;1.0;1.0;1.0;1.0;0.0;
265;1.0;0.0;0.0;20;7;1.0;1.0;1.0;1.0;1.0;1.0;1.0;1.0;1.0;1.0;1.0;1.0;1.0;0.0;
266;1.0;0.0;0.0;20;7;1.0;1.0;1.0;1.0;1.0;1.0;1.0;1.0;1.0;1.0;1.0;1.0;1.0;0.0;
267;1.0;0.0;0.0;20;7;1.0;1.0;1.0;1.0;1.0;1.0;1.0;1.0;1.0;1.0;1.0;1.0;1.0;0.0;
268;1.0;0.0;0.0;20;7;1.0;1.0;1.0;1.0;1.0;1.0;1.0;1.0;1.0;1.0;1.0;1.0;1.0;0.0;
269;1.0;0.0;0.0;20;7;1.0;1.0;1.0;1.0;1.0;1.0;1.0;1.0;1.0;1.0;1.0;1.0;1.0;0.0;
270;1.0;0.0;0.0;20;7;1.0;1.0;1.0;1.0;1.0;1.0;1.0;1.0;1.0;1.0;1.0;1.0;1.0;0.0;
271;1.0;0.0;0.0;20;7;1.0;1.0;1.0;1.0;1.0;1.0;1.0;1.0;1.0;1.0;1.0;1.0;1.0;0.0;
272;1.0;0.0;0.0;20;7;1.0;1.0;1.0;1.0;1.0;1.0;1.0;1.0;1.0;1.0;1.0;1.0;1.0;0.0;
273;1.0;0.0;0.0;20;7;1.0;1.0;1.0;1.0;1.0;1.0;1.0;1.0;1.0;1.0;1.0;1.0;1.0;0.0;
274;1.0;0.0;0.0;20;7;1.0;1.0;1.0;1.0;1.0;1.0;1.0;1.0;1.0;1.0;1.0;1.0;1.0;0.0;
275;1.0;0.0;0.0;20;7;1.0;1.0;1.0;1.0;1.0;1.0;1.0;1.0;1.0;1.0;1.0;1.0;1.0;0.0;
276;1.0;0.0;0.0;20;7;1.0;1.0;1.0;1.0;1.0;1.0;1.0;1.0;1.0;1.0;1.0;1.0;1.0;0.0;
277;1.0;0.0;0.0;20;7;1.0;1.0;1.0;1.0;1.0;1.0;1.0;1.0;1.0;1.0;1.0;1.0;1.0;0.0;
278;1.0;0.0;0.0;20;7;1.0;1.0;1.0;1.0;1.0;1.0;1.0;1.0;1.0;1.0;1.0;1.0;1.0;0.0;
279;1.0;0.0;0.0;20;7;1.0;1.0;1.0;1.0;1.0;1.0;1.0;1.0;1.0;1.0;1.0;1.0;1.0;0.0;
280;1.0;0.0;0.0;20;7;1.0;1.0;1.0;1.0;1.0;1.0;1.0;1.0;1.0;1.0;1.0;1.0;1.0;0.0;
281;1.0;0.0;0.0;20;7;1.0;1.0;1.0;1.0;1.0;1.0;1.0;1.0;1.0;1.0;1.0;1.0;1.0;0.0;
282;1.0;0.0;0.0;20;7;1.0;1.0;1.0;1.0;1.0;1.0;1.0;1.0;1.0;1.0;1.0;1.0;1.0;0.0;
283;1.0;0.0;0.0;20;7;1.0;1.0;1.0;1.0;1.0;1.0;1.0;1.0;1.0;1.0;1.0;1.0;1.0;0.0;
284;1.0;0.0;0.0;20;7;1.0;1.0;1.0;1.0;1.0;1.0;1.0;1.0;1.0;1.0;1.0;1.0;1.0;0.0;
285;1.0;0.0;0.0;20;7;1.0;1.0;1.0;1.0;1.0;1.0;1.0;1.0;1.0;1.0;1.0;1.0;1.0;0.0;
286;1.0;0.0;0.0;20;7;1.0;1.0;1.0;1.0;1.0;1.0;1.0;1.0;1.0;1.0;1.0;1.0;1.0;0.0;
287;1.0;0.0;0.0;20;7;1.0;1.0;1.0;1.0;1.0;1.0;1.0;1.0;1.0;1.0;1.0;1.0;1.0;0.0;
288;1.0;0.0;0.0;20;7;1.0;1.0;1.0;1.0;1.0;1.0;1.0;1.0;1.0;1.0;1.0;1.0;1.0;0.0;
289;1.0;0.0;0.0;20;7;1.0;1.0;1.0;1.0;1.0;1.0;1.0;1.0;1.0;1.0;1.0;1.0;1.0;0.0;
290;1.0;0.0;0.0;20;7;1.0;1.0;1.0;1.0;1.0;1.0;1.0;1.0;1.0;1.0;1.0;1.0;1.0;0.0;
291;1.0;0.0;0.0;20;7;1.0;1.0;1.0;1.0;1.0;1.0;1.0;1.0;1.0;1.0;1.0;1.0;1.0;0.0;
292;1.0;0.0;0.0;20;7;1.0;1.0;1.0;1.0;1.0;1.0;1.0;1.0;1.0;1.0;1.0;1.0;1.0;0.0;
293;1.0;0.0;0.0;20;7;1.0;1.0;1.0;1.0;1.0;1.0;1.0;1.0;1.0;1.0;1.0;1.0;1.0;0.0;
294;1.0;0.0;0.0;20;7;1.0;1.0;1.0;1.0;1.0;1.0;1.0;1.0;1.0;1.0;1.0;1.0;1.0;0.0;
295;1.0;0.0;0.0;20;7;1.0;1.0;1.0;1.0;1.0;1.0;1.0;1.0;1.0;1.0;1.0;1.0;1.0;0.0;
296;1.0;0.0;0.0;20;7;1.0;1.0;1.0;1.0;1.0;1.0;1.0;1.0;1.0;1.0;1.0;1.0;1.0;0.0;
297;1.0;0.0;0.0;20;7;1.0;1.0;1.0;1.0;1.0;1.0;1.0;1.0;1.0;1.0;1.0;1.0;1.0;0.0;
298;1.0;0.0;0.0;20;7;1.0;1.0;1.0;1.0;1.0;1.0;1.0;1.0;1.0;1.0;1.0;1.0;1.0;0.0;
299;1.0;0.0;0.0;20;7;1.0;1.0;1.0;1.0;1.0;1.0;1.0;1.0;1.0;1.0;1.0;1.0;1.0;0.0;
300;1.0;0.0;0.0;20;7;1.0;1.0;1.0;1.0;1.0;1.0;1.0;1.0;1.0;1.0;1.0;1.0;1.0;0.0;
301;1.0;0.0;0.0;20;7;1.0;1.0;1.0;1.0;1.0;1.0;1.0;1.0;1.0;1.0;1.0;1.0;1.0;0.0;
302;1.0;0.0;0.0;20;7;1.0;1.0;1.0;1.0;1.0;1.0;1.0;1.0;1.0;1.0;1.0;1.0;1.0;0.0;
303;1.0;0.0;0.0;15;7;1.0;1.0;1.0;1.0;1.0;1.0;1.0;1.0;1.0;1.0;1.0;1.0;1.0;0.0;
304;1.0;0.0;0.0;15;7;1.0;1.0;1.0;1.0;1.0;1.0;1.0;1.0;1.0;1.0;1.0;1.0;1.0;0.0;
305;1.0;0.0;0.0;15;7;1.0;1.0;1.0;1.0;1.0;1.0;1.0;1.0;1.0;1.0;1.0;1.0;1.0;0.0;
306;1.0;0.0;0.0;15;7;1.0;1.0;1.0;1.0;1.0;1.0;1.0;1.0;1.0;1.0;1.0;1.0;1.0;0.0;
307;1.0;0.0;0.0;15;7;1.0;1.0;1.0;1.0;1.0;1.0;1.0;1.0;1.0;1.0;1.0;1.0;1.0;0.0;
308;1.0;0.0;0.0;20;7;1.0;1.0;1.0;1.0;1.0;1.0;1.0;1.0;1.0;1.0;1.0;1.0;1.0;0.0;
309;1.0;0.0;0.0;20;7;1.0;1.0;1.0;1.0;1.0;1.0;1.0;1.0;1.0;1.0;1.0;1.0;1.0;0.0;
310;1.0;0.0;0.0;20;7;1.0;1.0;1.0;1.0;1.0;1.0;1.0;1.0;1.0;1.0;1.0;1.0;1.0;0.0;
311;1.0;0.0;0.0;20;7;1.0;1.0;1.0;1.0;1.0;1.0;1.0;1.0;1.0;1.0;1.0;1.0;1.0;0.0;
312;1.0;0.0;0.0;20;7;1.0;1.0;1.0;1.0;1.0;1.0;1.0;1.0;1.0;1.0;1.0;1.0;1.0;0.0;
313;1.0;0.0;0.0;20;7;1.0;1.0;1.0;1.0;1.0;1.0;1.0;1.0;1.0;1.0;1.0;1.0;1.0;0.0;
314;1.0;0.0;0.0;20;7;1.0;1.0;1.0;1.0;1.0;1.0;1.0;1.0;1.0;1.0;1.0;1.0;1.0;0.0;
315;1.0;0.0;0.0;20;7;1.0;1.0;1.0;1.0;1.0;1.0;1.0;1.0;1.0;1.0;1.0;1.0;1.0;0.0;
316;1.0;0.0;0.0;20;7;1.0;1.0;1.0;1.0;1.0;1.0;1.0;1.0;1.0;1.0;1.0;1.0;1.0;0.0;
317;1.0;0.0;0.0;20;7;1.0;1.0;1.0;1.0;1.0;1.0;1.0;1.0;1.0;1.0;1.0;1.0;1.0;0.0;
318;1.0;0.0;0.0;20;7;1.0;1.0;1.0;1.0;1.0;1.0;1.0;1.0;1.0;1.0;1.0;1.0;1.0;0.0;
319;1.0;0.0;0.0;20;7;1.0;1.0;1.0;1.0;1.0;1.0;1.0;1.0;1.0;1.0;1.0;1.0;1.0;0.0;
320;1.0;0.0;0.0;20;7;1.0;1.0;1.0;1.0;1.0;1.0;1.0;1.0;1.0;1.0;1.0;1.0;1.0;0.0;
321;1.0;0.0;0.0;20;7;1.0;1.0;1.0;1.0;1.0;1.0;1.0;1.0;1.0;1.0;1.0;1.0;1.0;0.0;
322;1.0;0.0;0.0;20;7;1.0;1.0;1.0;1.0;1.0;1.0;1.0;1.0;1.0;1.0;1.0;1.0;1.0;0.0;
323;1.0;0.0;0.0;20;7;1.0;1.0;1.0;1.0;1.0;1.0;1.0;1.0;1.0;1.0;1.0;1.0;1.0;0.0;
324;1.0;0.0;0.0;20;7;1.0;1.0;1.0;1.0;1.0;1.0;1.0;1.0;1.0;1.0;1.0;1.0;1.0;0.0;
325;1.0;0.0;0.0;20;7;1.0;1.0;1.0;1.0;1.0;1.0;1.0;1.0;1.0;1.0;1.0;1.0;1.0;0.0;
326;1.0;0.0;0.0;20;7;1.0;1.0;1.0;1.0;1.0;1.0;1.0;1.0;1.0;1.0;1.0;1.0;1.0;0.0;
327;1.0;0.0;0.0;20;7;1.0;1.0;1.0;1.0;1.0;1.0;1.0;1.0;1.0;1.0;1.0;1.0;1.0;0.0;
328;1.0;0.0;0.0;20;7;1.0;1.0;1.0;1.0;1.0;1.0;1.0;1.0;1.0;1.0;1.0;1.0;1.0;0.0;
329;1.0;0.0;0.0;15;7;1.0;1.0;1.0;1.0;1.0;1.0;1.0;1.0;1.0;1.0;1.0;1.0;1.0;0.0;
330;1.0;0.0;0.0;20;7;1.0;1.0;1.0;1.0;1.0;1.0;1.0;1.0;1.0;1.0;1.0;1.0;1.0;0.0;
331;1.0;0.0;0.0;20;7;1.0;1.0;1.0;1.0;1.0;1.0;1.0;1.0;1.0;1.0;1.0;1.0;1.0;0.0;
332;1.0;0.0;0.0;20;7;1.0;1.0;1.0;1.0;1.0;1.0;1.0;1.0;1.0;1.0;1.0;1.0;1.0;0.0;
333;1.0;0.0;0.0;20;7;1.0;1.0;1.0;1.0;1.0;1.0;1.0;1.0;1.0;1.0;1.0;1.0;1.0;0.0;
334;1.0;0.0;0.0;20;7;1.0;1.0;1.0;1.0;1.0;1.0;1.0;1.0;1.0;1.0;1.0;1.0;1.0;0.0;
335;1.0;0.0;0.0;20;7;1.0;1.0;1.0;1.0;1.0;1.0;1.0;1.0;1.0;1.0;1.0;1.0;1.0;0.0;
336;1.0;0.0;0.0;20;7;1.0;1.0;1.0;1.0;1.0;1.0;1.0;1.0;1.0;1.0;1.0;1.0;1.0;0.0;
337;1.0;0.0;0.0;20;7;1.0;1.0;1.0;1.0;1.0;1.0;1.0;1.0;1.0;1.0;1.0;1.0;1.0;0.0;
338;1.0;0.0;0.0;20;7;1.0;1.0;1.0;1.0;1.0;1.0;1.0;1.0;1.0;1.0;1.0;1.0;1.0;0.0;
339;1.0;0.0;0.0;20;7;1.0;1.0;1.0;1.0;1.0;1.0;1.0;1.0;1.0;1.0;1.0;1.0;1.0;0.0;
340;1.0;0.0;0.0;20;7;1.0;1.0;1.0;1.0;1.0;1.0;1.0;1.0;1.0;1.0;1.0;1.0;1.0;0.0;
341;1.0;0.0;0.0;20;7;1.0;1.0;1.0;1.0;1.0;1.0;1.0;1.0;1.0;1.0;1.0;1.0;1.0;0.0;
342;1.0;0.0;0.0;20;7;1.0;1.0;1.0;1.0;1.0;1.0;1.0;1.0;1.0;1.0;1.0;1.0;1.0;0.0;
343;1.0;0.0;0.0;20;7;1.0;1.0;1.0;1.0;1.0;1.0;1.0;1.0;1.0;1.0;1.0;1.0;1.0;0.0;
344;1.0;0.0;0.0;20;7;1.0;1.0;1.0;1.0;1.0;1.0;1.0;1.0;1.0;1.0;1.0;1.0;1.0;0.0;
345;1.0;0.0;0.0;20;7;1.0;1.0;1.0;1.0;1.0;1.0;1.0;1.0;1.0;1.0;1.0;1.0;1.0;0.0;
346;1.0;0.0;0.0;20;7;1.0;1.0;1.0;1.0;1.0;1.0;1.0;1.0;1.0;1.0;1.0;1.0;1.0;0.0;
347;1.0;0.0;0.0;20;7;1.0;1.0;1.0;1.0;1.0;1.0;1.0;1.0;1.0;1.0;1.0;1.0;1.0;0.0;
348;1.0;0.0;0.0;20;7;1.0;1.0;1.0;1.0;1.0;1.0;1.0;1.0;1.0;1.0;1.0;1.0;1.0;0.0;
349;1.0;0.0;0.0;20;7;1.0;1.0;1.0;1.0;1.0;1.0;1.0;1.0;1.0;1.0;1.0;1.0;1.0;0.0;
350;1.0;0.0;0.0;20;7;1.0;1.0;1.0;1.0;1.0;1.0;1.0;1.0;1.0;1.0;1.0;1.0;1.0;0.0;
351;1.0;0.0;0.0;20;7;1.0;1.0;1.0;1.0;1.0;1.0;1.0;1.0;1.0;1.0;1.0;1.0;1.0;0.0;
352;1.0;0.0;0.0;20;7;1.0;1.0;1.0;1.0;1.0;1.0;1.0;1.0;1.0;1.0;1.0;1.0;1.0;0.0;
353;1.0;0.0;0.0;20;7;1.0;1.0;1.0;1.0;1.0;1.0;1.0;1.0;1.0;1.0;1.0;1.0;1.0;0.0;
354;1.0;0.0;0.0;20;7;1.0;1.0;1.0;1.0;1.0;1.0;1.0;1.0;1.0;1.0;1.0;1.0;1.0;0.0;
355;1.0;0.0;0.0;20;7;1.0;1.0;1.0;1.0;1.0;1.0;1.0;1.0;1.0;1.0;1.0;1.0;1.0;0.0;
356;1.0;0.0;0.0;20;7;1.0;1.0;1.0;1.0;1.0;1.0;1.0;1.0;1.0;1.0;1.0;1.0;1.0;0.0;
357;1.0;0.0;0.0;20;7;1.0;1.0;1.0;1.0;1.0;1.0;1.0;1.0;1.0;1.0;1.0;1.0;1.0;0.0;
358;1.0;0.0;0.0;20;7;1.0;1.0;1.0;1.0;1.0;1.0;1.0;1.0;1.0;1.0;1.0;1.0;1.0;0.0;
359;1.0;0.0;0.0;20;7;1.0;1.0;1.0;1.0;1.0;1.0;1.0;1.0;1.0;1.0;1.0;1.0;1.0;0.0;
360;1.0;0.0;0.0;20;7;1.0;1.0;1.0;1.0;1.0;1.0;1.0;1.0;1.0;1.0;1.0;1.0;1.0;0.0;
361;1.0;0.0;0.0;20;7;1.0;1.0;1.0;1.0;1.0;1.0;1.0;1.0;1.0;1.0;1.0;1.0;1.0;0.0;
362;1.0;0.0;0.0;20;7;1.0;1.0;1.0;1.0;1.0;1.0;1.0;1.0;1.0;1.0;1.0;1.0;1.0;0.0;
363;1.0;0.0;0.0;20;7;1.0;1.0;1.0;1.0;1.0;1.0;1.0;1.0;1.0;1.0;1.0;1.0;1.0;0.0;
364;1.0;0.0;0.0;20;7;1.0;1.0;1.0;1.0;1.0;1.0;1.0;1.0;1.0;1.0;1.0;1.0;1.0;0.0;
365;1.0;0.0;0.0;20;7;1.0;1.0;1.0;1.0;1.0;1.0;1.0;1.0;1.0;1.0;1.0;1.0;1.0;0.0;
366;1.0;0.0;0.0;20;7;1.0;1.0;1.0;1.0;1.0;1.0;1.0;1.0;1.0;1.0;1.0;1.0;1.0;0.0;
367;1.0;0.0;0.0;20;7;1.0;1.0;1.0;1.0;1.0;1.0;1.0;1.0;1.0;1.0;1.0;1.0;1.0;0.0;
368;1.0;0.0;0.0;20;7;1.0;1.0;1.0;1.0;1.0;1.0;1.0;1.0;1.0;1.0;1.0;1.0;1.0;0.0;
369;1.0;0.0;0.0;20;7;1.0;1.0;1.0;1.0;1.0;1.0;1.0;1.0;1.0;1.0;1.0;1.0;1.0;0.0;
370;1.0;0.0;0.0;20;7;1.0;1.0;1.0;1.0;1.0;1.0;1.0;1.0;1.0;1.0;1.0;1.0;1.0;0.0;
371;1.0;0.0;0.0;20;7;1.0;1.0;1.0;1.0;1.0;1.0;1.0;1.0;1.0;1.0;1.0;1.0;1.0;0.0;
372;1.0;0.0;0.0;20;7;1.0;1.0;1.0;1.0;1.0;1.0;1.0;1.0;1.0;1.0;1.0;1.0;1.0;0.0;
373;1.0;0.0;0.0;20;7;1.0;1.0;1.0;1.0;1.0;1.0;1.0;1.0;1.0;1.0;1.0;1.0;1.0;0.0;
374;1.0;0.0;0.0;20;7;1.0;1.0;1.0;1.0;1.0;1.0;1.0;1.0;1.0;1.0;1.0;1.0;1.0;0.0;
375;1.0;0.0;0.0;20;7;1.0;1.0;1.0;1.0;1.0;1.0;1.0;1.0;1.0;1.0;1.0;1.0;1.0;0.0;
376;1.0;0.0;0.0;20;7;1.0;1.0;1.0;1.0;1.0;1.0;1.0;1.0;1.0;1.0;1.0;1.0;1.0;0.0;
377;1.0;0.0;0.0;20;7;1.0;1.0;1.0;1.0;1.0;1.0;1.0;1.0;1.0;1.0;1.0;1.0;1.0;0.0;
378;1.0;0.0;0.0;15;7;1.0;1.0;1.0;1.0;1.0;1.0;1.0;1.0;1.0;1.0;1.0;1.0;1.0;0.0;
379;1.0;0.0;0.0;15;7;1.0;1.0;1.0;1.0;1.0;1.0;1.0;1.0;1.0;1.0;1.0;1.0;1.0;0.0;
380;1.0;0.0;0.0;20;7;1.0;1.0;1.0;1.0;1.0;1.0;1.0;1.0;1.0;1.0;1.0;1.0;1.0;0.0;
381;1.0;0.0;0.0;20;7;1.0;1.0;1.0;1.0;1.0;1.0;1.0;1.0;1.0;1.0;1.0;1.0;1.0;0.0;
382;1.0;0.0;0.0;20;7;1.0;1.0;1.0;1.0;1.0;1.0;1.0;1.0;1.0;1.0;1.0;1.0;1.0;0.0;
383;1.0;0.0;0.0;20;7;1.0;1.0;1.0;1.0;1.0;1.0;1.0;1.0;1.0;1.0;1.0;1.0;1.0;0.0;
384;1.0;0.0;0.0;15;7;1.0;1.0;1.0;1.0;1.0;1.0;1.0;1.0;1.0;1.0;1.0;1.0;1.0;0.0;
385;1.0;0.0;0.0;20;7;1.0;1.0;1.0;1.0;1.0;1.0;1.0;1.0;1.0;1.0;1.0;1.0;1.0;0.0;
386;1.0;0.0;0.0;20;7;1.0;1.0;1.0;1.0;1.0;1.0;1.0;1.0;1.0;1.0;1.0;1.0;1.0;0.0;
387;1.0;0.0;0.0;20;7;1.0;1.0;1.0;1.0;1.0;1.0;1.0;1.0;1.0;1.0;1.0;1.0;1.0;0.0;
388;1.0;0.0;0.0;20;7;1.0;1.0;1.0;1.0;1.0;1.0;1.0;1.0;1.0;1.0;1.0;1.0;1.0;0.0;
389;1.0;0.0;0.0;20;7;1.0;1.0;1.0;1.0;1.0;1.0;1.0;1.0;1.0;1.0;1.0;1.0;1.0;0.0;
390;1.0;0.0;0.0;15;7;1.0;1.0;1.0;1.0;1.0;1.0;1.0;1.0;1.0;1.0;1.0;1.0;1.0;0.0;
391;1.0;0.0;0.0;15;7;1.0;1.0;1.0;1.0;1.0;1.0;1.0;1.0;1.0;1.0;1.0;1.0;1.0;0.0;
392;1.0;0.0;0.0;15;7;1.0;1.0;1.0;1.0;1.0;1.0;1.0;1.0;1.0;1.0;1.0;1.0;1.0;0.0;
393;1.0;0.0;0.0;15;7;1.0;1.0;1.0;1.0;1.0;1.0;1.0;1.0;1.0;1.0;1.0;1.0;1.0;0.0;
394;1.0;0.0;0.0;15;7;1.0;1.0;1.0;1.0;1.0;1.0;1.0;1.0;1.0;1.0;1.0;1.0;1.0;0.0;
395;1.0;0.0;0.0;20;7;1.0;1.0;1.0;1.0;1.0;1.0;1.0;1.0;1.0;1.0;1.0;1.0;1.0;0.0;
396;1.0;0.0;0.0;20;7;1.0;1.0;1.0;1.0;1.0;1.0;1.0;1.0;1.0;1.0;1.0;1.0;1.0;0.0;
397;1.0;0.0;0.0;20;7;1.0;1.0;1.0;1.0;1.0;1.0;1.0;1.0;1.0;1.0;1.0;1.0;1.0;0.0;
398;1.0;0.0;0.0;20;7;1.0;1.0;1.0;1.0;1.0;1.0;1.0;1.0;1.0;1.0;1.0;1.0;1.0;0.0;
399;1.0;0.0;0.0;20;7;1.0;1.0;1.0;1.0;1.0;1.0;1.0;1.0;1.0;1.0;1.0;1.0;1.0;0.0;
400;1.0;0.0;0.0;20;7;1.0;1.0;1.0;1.0;1.0;1.0;1.0;1.0;1.0;1.0;1.0;1.0;1.0;0.0;
401;1.0;0.0;0.0;20;7;1.0;1.0;1.0;1.0;1.0;1.0;1.0;1.0;1.0;1.0;1.0;1.0;1.0;0.0;
402;1.0;0.0;0.0;20;7;1.0;1.0;1.0;1.0;1.0;1.0;1.0;1.0;1.0;1.0;1.0;1.0;1.0;0.0;
403;1.0;0.0;0.0;20;7;1.0;1.0;1.0;1.0;1.0;1.0;1.0;1.0;1.0;1.0;1.0;1.0;1.0;0.0;
404;1.0;0.0;0.0;20;7;1.0;1.0;1.0;1.0;1.0;1.0;1.0;1.0;1.0;1.0;1.0;1.0;1.0;0.0;
405;1.0;0.0;0.0;15;7;1.0;1.0;1.0;1.0;1.0;1.0;1.0;1.0;1.0;1.0;1.0;1.0;1.0;0.0;
406;1.0;0.0;0.0;20;7;1.0;1.0;1.0;1.0;1.0;1.0;1.0;1.0;1.0;1.0;1.0;1.0;1.0;0.0;
407;1.0;0.0;0.0;20;7;1.0;1.0;1.0;1.0;1.0;1.0;1.0;1.0;1.0;1.0;1.0;1.0;1.0;0.0;
408;1.0;0.0;0.0;20;7;1.0;1.0;1.0;1.0;1.0;1.0;1.0;1.0;1.0;1.0;1.0;1.0;1.0;0.0;
409;1.0;0.0;0.0;20;7;1.0;1.0;1.0;1.0;1.0;1.0;1.0;1.0;1.0;1.0;1.0;1.0;1.0;0.0;
410;1.0;0.0;0.0;20;7;1.0;1.0;1.0;1.0;1.0;1.0;1.0;1.0;1.0;1.0;1.0;1.0;1.0;0.0;
411;1.0;0.0;0.0;20;7;1.0;1.0;1.0;1.0;1.0;1.0;1.0;1.0;1.0;1.0;1.0;1.0;1.0;0.0;
412;1.0;0.0;0.0;20;7;1.0;1.0;1.0;1.0;1.0;1.0;1.0;1.0;1.0;1.0;1.0;1.0;1.0;0.0;
413;1.0;0.0;0.0;20;7;1.0;1.0;1.0;1.0;1.0;1.0;1.0;1.0;1.0;1.0;1.0;1.0;1.0;0.0;
414;1.0;0.0;0.0;20;7;1.0;1.0;1.0;1.0;1.0;1.0;1.0;1.0;1.0;1.0;1.0;1.0;1.0;0.0;
415;1.0;0.0;0.0;20;7;1.0;1.0;1.0;1.0;1.0;1.0;1.0;1.0;1.0;1.0;1.0;1.0;1.0;0.0;
416;1.0;0.0;0.0;20;7;1.0;1.0;1.0;1.0;1.0;1.0;1.0;1.0;1.0;1.0;1.0;1.0;1.0;0.0;
417;1.0;0.0;0.0;20;7;1.0;1.0;1.0;1.0;1.0;1.0;1.0;1.0;1.0;1.0;1.0;1.0;1.0;0.0;
418;1.0;0.0;0.0;20;7;1.0;1.0;1.0;1.0;1.0;1.0;1.0;1.0;1.0;1.0;1.0;1.0;1.0;0.0;
419;1.0;0.0;0.0;20;7;1.0;1.0;1.0;1.0;1.0;1.0;1.0;1.0;1.0;1.0;1.0;1.0;1.0;0.0;
420;1.0;0.0;0.0;20;7;1.0;1.0;1.0;1.0;1.0;1.0;1.0;1.0;1.0;1.0;1.0;1.0;1.0;0.0;
421;1.0;0.0;0.0;20;7;1.0;1.0;1.0;1.0;1.0;1.0;1.0;1.0;1.0;1.0;1.0;1.0;1.0;0.0;
422;1.0;0.0;0.0;20;7;1.0;1.0;1.0;1.0;1.0;1.0;1.0;1.0;1.0;1.0;1.0;1.0;1.0;0.0;
423;1.0;0.0;0.0;20;7;1.0;1.0;1.0;1.0;1.0;1.0;1.0;1.0;1.0;1.0;1.0;1.0;1.0;0.0;
424;1.0;0.0;0.0;20;7;1.0;1.0;1.0;1.0;1.0;1.0;1.0;1.0;1.0;1.0;1.0;1.0;1.0;0.0;
425;1.0;0.0;0.0;20;7;1.0;1.0;1.0;1.0;1.0;1.0;1.0;1.0;1.0;1.0;1.0;1.0;1.0;0.0;
426;1.0;0.0;0.0;20;7;1.0;1.0;1.0;1.0;1.0;1.0;1.0;1.0;1.0;1.0;1.0;1.0;1.0;0.0;
427;1.0;0.0;0.0;20;7;1.0;1.0;1.0;1.0;1.0;1.0;1.0;1.0;1.0;1.0;1.0;1.0;1.0;0.0;
428;1.0;0.0;0.0;20;7;1.0;1.0;1.0;1.0;1.0;1.0;1.0;1.0;1.0;1.0;1.0;1.0;1.0;0.0;
429;1.0;0.0;0.0;20;7;1.0;1.0;1.0;1.0;1.0;1.0;1.0;1.0;1.0;1.0;1.0;1.0;1.0;0.0;
430;1.0;0.0;0.0;20;7;1.0;1.0;1.0;1.0;1.0;1.0;1.0;1.0;1.0;1.0;1.0;1.0;1.0;0.0;
431;1.0;0.0;0.0;20;7;1.0;1.0;1.0;1.0;1.0;1.0;1.0;1.0;1.0;1.0;1.0;1.0;1.0;0.0;
432;1.0;0.0;0.0;20;7;1.0;1.0;1.0;1.0;1.0;1.0;1.0;1.0;1.0;1.0;1.0;1.0;1.0;0.0;
433;1.0;0.0;0.0;20;7;1.0;1.0;1.0;1.0;1.0;1.0;1.0;1.0;1.0;1.0;1.0;1.0;1.0;0.0;
434;1.0;0.0;0.0;20;7;1.0;1.0;1.0;1.0;1.0;1.0;1.0;1.0;1.0;1.0;1.0;1.0;1.0;0.0;
435;1.0;0.0;0.0;20;7;1.0;1.0;1.0;1.0;1.0;1.0;1.0;1.0;1.0;1.0;1.0;1.0;1.0;0.0;
436;1.0;0.0;0.0;20;7;1.0;1.0;1.0;1.0;1.0;1.0;1.0;1.0;1.0;1.0;1.0;1.0;1.0;0.0;
437;1.0;0.0;0.0;20;7;1.0;1.0;1.0;1.0;1.0;1.0;1.0;1.0;1.0;1.0;1.0;1.0;1.0;0.0;
438;1.0;0.0;0.0;20;7;1.0;1.0;1.0;1.0;1.0;1.0;1.0;1.0;1.0;1.0;1.0;1.0;1.0;0.0;
439;1.0;0.0;0.0;20;7;1.0;1.0;1.0;1.0;1.0;1.0;1.0;1.0;1.0;1.0;1.0;1.0;1.0;0.0;
440;1.0;0.0;0.0;20;7;1.0;1.0;1.0;1.0;1.0;1.0;1.0;1.0;1.0;1.0;1.0;1.0;1.0;0.0;
441;1.0;0.0;0.0;20;7;1.0;1.0;1.0;1.0;1.0;1.0;1.0;1.0;1.0;1.0;1.0;1.0;1.0;0.0;
442;1.0;0.0;0.0;20;7;1.0;1.0;1.0;1.0;1.0;1.0;1.0;1.0;1.0;1.0;1.0;1.0;1.0;0.0;
443;1.0;0.0;0.0;20;7;1.0;1.0;1.0;1.0;1.0;1.0;1.0;1.0;1.0;1.0;1.0;1.0;1.0;0.0;
444;1.0;0.0;0.0;15;7;1.0;1.0;1.0;1.0;1.0;1.0;1.0;1.0;1.0;1.0;1.0;1.0;1.0;0.0;
445;1.0;0.0;0.0;20;7;1.0;1.0;1.0;1.0;1.0;1.0;1.0;1.0;1.0;1.0;1.0;1.0;1.0;0.0;
446;1.0;0.0;0.0;20;7;1.0;1.0;1.0;1.0;1.0;1.0;1.0;1.0;1.0;1.0;1.0;1.0;1.0;0.0;
447;1.0;0.0;0.0;20;7;1.0;1.0;1.0;1.0;1.0;1.0;1.0;1.0;1.0;1.0;1.0;1.0;1.0;0.0;
448;1.0;0.0;0.0;20;7;1.0;1.0;1.0;1.0;1.0;1.0;1.0;1.0;1.0;1.0;1.0;1.0;1.0;0.0;
449;1.0;0.0;0.0;20;7;1.0;1.0;1.0;1.0;1.0;1.0;1.0;1.0;1.0;1.0;1.0;1.0;1.0;0.0;
450;1.0;0.0;0.0;20;7;1.0;1.0;1.0;1.0;1.0;1.0;1.0;1.0;1.0;1.0;1.0;1.0;1.0;0.0;
451;1.0;0.0;0.0;20;7;1.0;1.0;1.0;1.0;1.0;1.0;1.0;1.0;1.0;1.0;1.0;1.0;1.0;0.0;
452;1.0;0.0;0.0;20;7;1.0;1.0;1.0;1.0;1.0;1.0;1.0;1.0;1.0;1.0;1.0;1.0;1.0;0.0;
453;1.0;0.0;0.0;20;7;1.0;1.0;1.0;1.0;1.0;1.0;1.0;1.0;1.0;1.0;1.0;1.0;1.0;0.0;
454;1.0;0.0;0.0;20;7;1.0;1.0;1.0;1.0;1.0;1.0;1.0;1.0;1.0;1.0;1.0;1.0;1.0;0.0;
455;1.0;0.0;0.0;20;7;1.0;1.0;1.0;1.0;1.0;1.0;1.0;1.0;1.0;1.0;1.0;1.0;1.0;0.0;
456;1.0;0.0;0.0;20;7;1.0;1.0;1.0;1.0;1.0;1.0;1.0;1.0;1.0;1.0;1.0;1.0;1.0;0.0;
457;1.0;0.0;0.0;20;7;1.0;1.0;1.0;1.0;1.0;1.0;1.0;1.0;1.0;1.0;1.0;1.0;1.0;0.0;
458;1.0;0.0;0.0;20;7;1.0;1.0;1.0;1.0;1.0;1.0;1.0;1.0;1.0;1.0;1.0;1.0;1.0;0.0;
459;1.0;0.0;0.0;20;7;1.0;1.0;1.0;1.0;1.0;1.0;1.0;1.0;1.0;1.0;1.0;1.0;1.0;0.0;
460;1.0;0.0;0.0;20;7;1.0;1.0;1.0;1.0;1.0;1.0;1.0;1.0;1.0;1.0;1.0;1.0;1.0;0.0;
461;1.0;0.0;0.0;20;7;1.0;1.0;1.0;1.0;1.0;1.0;1.0;1.0;1.0;1.0;1.0;1.0;1.0;0.0;
462;1.0;0.0;0.0;20;7;1.0;1.0;1.0;1.0;1.0;1.0;1.0;1.0;1.0;1.0;1.0;1.0;1.0;0.0;
463;1.0;0.0;0.0;15;7;1.0;1.0;1.0;1.0;1.0;1.0;1.0;1.0;1.0;1.0;1.0;1.0;1.0;0.0;
464;1.0;0.0;0.0;15;7;1.0;1.0;1.0;1.0;1.0;1.0;1.0;1.0;1.0;1.0;1.0;1.0;1.0;0.0;
465;1.0;0.0;0.0;15;7;1.0;1.0;1.0;1.0;1.0;1.0;1.0;1.0;1.0;1.0;1.0;1.0;1.0;0.0;
466;1.0;0.0;0.0;15;7;1.0;1.0;1.0;1.0;1.0;1.0;1.0;1.0;1.0;1.0;1.0;1.0;1.0;0.0;
467;1.0;0.0;0.0;10;6;1.0;1.0;1.0;1.0;1.0;1.0;1.0;1.0;1.0;1.0;1.0;1.0;1.0;0.0;
468;1.0;0.0;0.0;10;6;1.0;1.0;1.0;1.0;1.0;1.0;1.0;1.0;1.0;1.0;1.0;1.0;1.0;0.0;
469;1.0;0.0;0.0;10;6;1.0;1.0;1.0;1.0;1.0;1.0;1.0;1.0;1.0;1.0;1.0;1.0;1.0;0.0;
470;1.0;0.0;0.0;10;6;1.0;1.0;1.0;1.0;1.0;1.0;1.0;1.0;1.0;1.0;1.0;1.0;1.0;0.0;
471;1.0;0.0;0.0;10;6;1.0;1.0;1.0;1.0;1.0;1.0;1.0;1.0;1.0;1.0;1.0;1.0;1.0;0.0;
472;1.0;0.0;0.0;10;6;1.0;1.0;1.0;1.0;1.0;1.0;1.0;1.0;1.0;1.0;1.0;1.0;1.0;0.0;
473;1.0;0.0;0.0;10;6;1.0;1.0;1.0;1.0;1.0;1.0;1.0;1.0;1.0;1.0;1.0;1.0;1.0;0.0;
474;1.0;0.0;0.0;10;6;1.0;1.0;1.0;1.0;1.0;1.0;1.0;1.0;1.0;1.0;1.0;1.0;1.0;0.0;
475;1.0;0.0;0.0;10;6;1.0;1.0;1.0;1.0;1.0;1.0;1.0;1.0;1.0;1.0;1.0;1.0;1.0;0.0;
476;1.0;0.0;0.0;10;6;1.0;1.0;1.0;1.0;1.0;1.0;1.0;1.0;1.0;1.0;1.0;1.0;1.0;0.0;
477;1.0;0.0;0.0;10;6;1.0;1.0;1.0;1.0;1.0;1.0;1.0;1.0;1.0;1.0;1.0;1.0;1.0;0.0;
478;1.0;0.0;0.0;10;6;1.0;1.0;1.0;1.0;1.0;1.0;1.0;1.0;1.0;1.0;1.0;1.0;1.0;0.0;
479;1.0;0.0;0.0;10;6;1.0;1.0;1.0;1.0;1.0;1.0;1.0;1.0;1.0;1.0;1.0;1.0;1.0;0.0;
480;1.0;0.0;0.0;10;6;1.0;1.0;1.0;1.0;1.0;1.0;1.0;1.0;1.0;1.0;1.0;1.0;1.0;0.0;
481;1.0;0.0;0.0;10;6;1.0;1.0;1.0;1.0;1.0;1.0;1.0;1.0;1.0;1.0;1.0;1.0;1.0;0.0;
482;1.0;0.0;0.0;10;6;1.0;1.0;1.0;1.0;1.0;1.0;1.0;1.0;1.0;1.0;1.0;1.0;1.0;0.0;
483;1.0;0.0;0.0;10;6;1.0;1.0;1.0;1.0;1.0;1.0;1.0;1.0;1.0;1.0;1.0;1.0;1.0;0.0;
484;1.0;0.0;0.0;10;6;1.0;1.0;1.0;1.0;1.0;1.0;1.0;1.0;1.0;1.0;1.0;1.0;1.0;0.0;
485;1.0;0.0;0.0;10;6;1.0;1.0;1.0;1.0;1.0;1.0;1.0;1.0;1.0;1.0;1.0;1.0;1.0;0.0;
486;1.0;0.0;0.0;10;6;1.0;1.0;1.0;1.0;1.0;1.0;1.0;1.0;1.0;1.0;1.0;1.0;1.0;0.0;
487;1.0;0.0;0.0;10;6;1.0;1.0;1.0;1.0;1.0;1.0;1.0;1.0;1.0;1.0;1.0;1.0;1.0;0.0;
488;1.0;0.0;0.0;10;6;1.0;1.0;1.0;1.0;1.0;1.0;1.0;1.0;1.0;1.0;1.0;1.0;1.0;0.0;
489;1.0;0.0;0.0;10;6;1.0;1.0;1.0;1.0;1.0;1.0;1.0;1.0;1.0;1.0;1.0;1.0;1.0;0.0;
490;1.0;0.0;0.0;10;6;1.0;1.0;1.0;1.0;1.0;1.0;1.0;1.0;1.0;1.0;1.0;1.0;1.0;0.0;
491;1.0;0.0;0.0;10;6;1.0;1.0;1.0;1.0;1.0;1.0;1.0;1.0;1.0;1.0;1.0;1.0;1.0;0.0;
492;1.0;0.0;0.0;10;6;1.0;1.0;1.0;1.0;1.0;1.0;1.0;1.0;1.0;1.0;1.0;1.0;1.0;0.0;
493;1.0;0.0;0.0;10;6;1.0;1.0;1.0;1.0;1.0;1.0;1.0;1.0;1.0;1.0;1.0;1.0;1.0;0.0;
494;1.0;0.0;0.0;10;6;1.0;1.0;1.0;1.0;1.0;1.0;1.0;1.0;1.0;1.0;1.0;1.0;1.0;0.0;
495;1.0;0.0;0.0;10;6;1.0;1.0;1.0;1.0;1.0;1.0;1.0;1.0;1.0;1.0;1.0;1.0;1.0;0.0;
496;1.0;0.0;0.0;10;6;1.0;1.0;1.0;1.0;1.0;1.0;1.0;1.0;1.0;1.0;1.0;1.0;1.0;0.0;
497;1.0;0.0;0.0;10;6;1.0;1.0;1.0;1.0;1.0;1.0;1.0;1.0;1.0;1.0;1.0;1.0;1.0;0.0;
498;1.0;0.0;0.0;10;6;1.0;1.0;1.0;1.0;1.0;1.0;1.0;1.0;1.0;1.0;1.0;1.0;1.0;0.0;
499;1.0;0.0;0.0;10;6;1.0;1.0;1.0;1.0;1.0;1.0;1.0;1.0;1.0;1.0;1.0;1.0;1.0;0.0;
